{"05.07.24 22:35:52": "| Create account | mm | Account name: Luminor, Start balance: 456.0 $",
  "05.07.24 23:08:31": "| Transact. create | mm | Payment: Start balance: \u0414\u043b\u044f \u0416\u0430\u043d\u043d\u044b, 54.0 Reserved., Account:1",
  "05.07.24 23:30:48": "| Registration | SergeySergeeff | Success",
  "05.07.24 23:37:10": "| Login | y | False", "05.07.24 23:48:03": "",
  "05.07.24 23:51:31": "| Login to system | Login: o, Password: o | Success: False",
  "06.07.24 00:08:11": "| Login to system | Login: mm, Password: mm | Success: True!!!"}